<?xml version="1.0" encoding="UTF-8"?>
<project-private xmlns="http://www.netbeans.org/ns/project-private/1">
    <data xmlns="http://www.netbeans.org/ns/make-project-private/1">
        <activeConfTypeElem>1</activeConfTypeElem>
        <activeConfIndexElem>0</activeConfIndexElem>
    </data>
    <editor-bookmarks xmlns="http://www.netbeans.org/ns/editor-bookmarks/2" lastBookmarkId="0"/>
    <open-files xmlns="http://www.netbeans.org/ns/projectui-open-files/2">
        <group>
            <file>file:/C:/Users/Bijan/Documents/NetBeansProjects/CourseWork_1/moviedatabase.h</file>
            <file>file:/C:/Users/Bijan/Documents/NetBeansProjects/CourseWork_1/main.c</file>
            <file>file:/C:/Users/Bijan/Documents/NetBeansProjects/CourseWork_1/moviedatabase.c</file>
            <file>file:/C:/Users/Bijan/Documents/NetBeansProjects/CourseWork_1/Film.c</file>
            <file>file:/C:/Users/Bijan/Documents/NetBeansProjects/CourseWork_1/Film.h</file>
        </group>
    </open-files>
</project-private>
